VariableGroup,Subgroup,Variable,Area,Year,Value,Unit,Symbol,IsAggregate
Water use,Pressure on water resources,SDG 6.4.1. Services Water Use Efficiency,Argentina,1999,56.552023707,US$/m3,E,False
Water use,Pressure on water resources,SDG 6.4.1. Services Water Use Efficiency,Argentina,2000,55.244032943,US$/m3,E,False
Water use,Pressure on water resources,SDG 6.4.1. Services Water Use Efficiency,Argentina,2001,53.267399581,US$/m3,E,False
Water use,Pressure on water resources,SDG 6.4.1. Services Water Use Efficiency,Argentina,2002,39.08649304,US$/m3,E,False
Water use,Pressure on water resources,SDG 6.4.1. Services Water Use Efficiency,Argentina,2003,38.887653107,US$/m3,E,False
Water use,Pressure on water resources,SDG 6.4.1. Services Water Use Efficiency,Argentina,2004,40.716119035,US$/m3,E,False
Water use,Pressure on water resources,SDG 6.4.1. Services Water Use Efficiency,Argentina,2005,44.248490521,US$/m3,E,False
Water use,Pressure on water resources,SDG 6.4.1. Services Water Use Efficiency,Argentina,2006,47.169158593,US$/m3,E,False
Water use,Pressure on water resources,SDG 6.4.1. Services Water Use Efficiency,Argentina,2007,51.404582077,US$/m3,E,False
Water use,Pressure on water resources,SDG 6.4.1. Services Water Use Efficiency,Argentina,2008,53.31108576,US$/m3,E,False
Water use,Pressure on water resources,SDG 6.4.1. Services Water Use Efficiency,Argentina,2009,52.332295975,US$/m3,E,False
Water use,Pressure on water resources,SDG 6.4.1. Services Water Use Efficiency,Argentina,2010,54.721449754,US$/m3,E,False
Water use,Pressure on water resources,SDG 6.4.1. Services Water Use Efficiency,Argentina,2011,57.496834666,US$/m3,E,False
Water use,Pressure on water resources,SDG 6.4.1. Services Water Use Efficiency,Argentina,2012,58.861344405,US$/m3,E,False
Water use,Pressure on water resources,SDG 6.4.1. Services Water Use Efficiency,Argentina,2013,60.656441992,US$/m3,E,False
Water use,Pressure on water resources,SDG 6.4.1. Services Water Use Efficiency,Argentina,2014,58.0459954,US$/m3,E,False
Water use,Pressure on water resources,SDG 6.4.1. Services Water Use Efficiency,Argentina,2015,62.860607462,US$/m3,E,False
Water use,Pressure on water resources,SDG 6.4.1. Services Water Use Efficiency,Argentina,2016,62.217918491,US$/m3,E,False
Water use,Pressure on water resources,SDG 6.4.1. Services Water Use Efficiency,Argentina,2017,65.57077587,US$/m3,E,False
Water use,Pressure on water resources,SDG 6.4.1. Services Water Use Efficiency,Argentina,2018,62.20464411,US$/m3,E,False
Water use,Pressure on water resources,SDG 6.4.1. Services Water Use Efficiency,Argentina,2019,59.996987304,US$/m3,E,False
Water use,Pressure on water resources,SDG 6.4.1. Services Water Use Efficiency,Argentina,2020,53.654527669,US$/m3,E,False
Water use,Pressure on water resources,SDG 6.4.1. Services Water Use Efficiency,Bolivia (Plurinational State of),1999,73.932426037,US$/m3,E,False
Water use,Pressure on water resources,SDG 6.4.1. Services Water Use Efficiency,Bolivia (Plurinational State of),2000,72.821631346,US$/m3,E,False
Water use,Pressure on water resources,SDG 6.4.1. Services Water Use Efficiency,Bolivia (Plurinational State of),2001,74.489240577,US$/m3,E,False
Water use,Pressure on water resources,SDG 6.4.1. Services Water Use Efficiency,Bolivia (Plurinational State of),2002,75.458168673,US$/m3,E,False
Water use,Pressure on water resources,SDG 6.4.1. Services Water Use Efficiency,Bolivia (Plurinational State of),2003,75.823478918,US$/m3,E,False
Water use,Pressure on water resources,SDG 6.4.1. Services Water Use Efficiency,Bolivia (Plurinational State of),2004,75.485324671,US$/m3,E,False
Water use,Pressure on water resources,SDG 6.4.1. Services Water Use Efficiency,Bolivia (Plurinational State of),2005,74.529820636,US$/m3,E,False
Water use,Pressure on water resources,SDG 6.4.1. Services Water Use Efficiency,Bolivia (Plurinational State of),2006,71.548854238,US$/m3,E,False
Water use,Pressure on water resources,SDG 6.4.1. Services Water Use Efficiency,Bolivia (Plurinational State of),2007,73.281034614,US$/m3,E,False
Water use,Pressure on water resources,SDG 6.4.1. Services Water Use Efficiency,Bolivia (Plurinational State of),2008,73.686760068,US$/m3,E,False
Water use,Pressure on water resources,SDG 6.4.1. Services Water Use Efficiency,Bolivia (Plurinational State of),2009,81.485099428,US$/m3,E,False
Water use,Pressure on water resources,SDG 6.4.1. Services Water Use Efficiency,Bolivia (Plurinational State of),2010,78.278083933,US$/m3,E,False
Water use,Pressure on water resources,SDG 6.4.1. Services Water Use Efficiency,Bolivia (Plurinational State of),2011,71.769865693,US$/m3,E,False
Water use,Pressure on water resources,SDG 6.4.1. Services Water Use Efficiency,Bolivia (Plurinational State of),2012,69.236684361,US$/m3,E,False
Water use,Pressure on water resources,SDG 6.4.1. Services Water Use Efficiency,Bolivia (Plurinational State of),2013,68.772204579,US$/m3,E,False
Water use,Pressure on water resources,SDG 6.4.1. Services Water Use Efficiency,Bolivia (Plurinational State of),2014,70.249578609,US$/m3,E,False
Water use,Pressure on water resources,SDG 6.4.1. Services Water Use Efficiency,Bolivia (Plurinational State of),2015,77.022718259,US$/m3,E,False
Water use,Pressure on water resources,SDG 6.4.1. Services Water Use Efficiency,Bolivia (Plurinational State of),2016,82.29539108,US$/m3,E,False
Water use,Pressure on water resources,SDG 6.4.1. Services Water Use Efficiency,Bolivia (Plurinational State of),2017,79.646798523,US$/m3,E,False
Water use,Pressure on water resources,SDG 6.4.1. Services Water Use Efficiency,Bolivia (Plurinational State of),2018,79.518391046,US$/m3,E,False
Water use,Pressure on water resources,SDG 6.4.1. Services Water Use Efficiency,Bolivia (Plurinational State of),2019,80.07415094,US$/m3,E,False
Water use,Pressure on water resources,SDG 6.4.1. Services Water Use Efficiency,Bolivia (Plurinational State of),2020,74.74274677,US$/m3,E,False
Water use,Pressure on water resources,SDG 6.4.1. Services Water Use Efficiency,Brazil,1999,56.927908044,US$/m3,E,False
Water use,Pressure on water resources,SDG 6.4.1. Services Water Use Efficiency,Brazil,2000,53.60068539,US$/m3,E,False
Water use,Pressure on water resources,SDG 6.4.1. Services Water Use Efficiency,Brazil,2001,52.612114268,US$/m3,E,False
Water use,Pressure on water resources,SDG 6.4.1. Services Water Use Efficiency,Brazil,2002,52.618954478,US$/m3,E,False
Water use,Pressure on water resources,SDG 6.4.1. Services Water Use Efficiency,Brazil,2003,50.157986738,US$/m3,E,False
Water use,Pressure on water resources,SDG 6.4.1. Services Water Use Efficiency,Brazil,2004,50.189759353,US$/m3,E,False
Water use,Pressure on water resources,SDG 6.4.1. Services Water Use Efficiency,Brazil,2005,51.188728732,US$/m3,E,False
Water use,Pressure on water resources,SDG 6.4.1. Services Water Use Efficiency,Brazil,2006,52.494800856,US$/m3,E,False
Water use,Pressure on water resources,SDG 6.4.1. Services Water Use Efficiency,Brazil,2007,55.217384227,US$/m3,E,False
Water use,Pressure on water resources,SDG 6.4.1. Services Water Use Efficiency,Brazil,2008,55.979398256,US$/m3,E,False
Water use,Pressure on water resources,SDG 6.4.1. Services Water Use Efficiency,Brazil,2009,57.365969511,US$/m3,E,False
Water use,Pressure on water resources,SDG 6.4.1. Services Water Use Efficiency,Brazil,2010,59.381656655,US$/m3,E,False
Water use,Pressure on water resources,SDG 6.4.1. Services Water Use Efficiency,Brazil,2011,62.383748432,US$/m3,E,False
Water use,Pressure on water resources,SDG 6.4.1. Services Water Use Efficiency,Brazil,2012,65.491256963,US$/m3,E,False
Water use,Pressure on water resources,SDG 6.4.1. Services Water Use Efficiency,Brazil,2013,69.056503815,US$/m3,E,False
Water use,Pressure on water resources,SDG 6.4.1. Services Water Use Efficiency,Brazil,2014,72.03164668,US$/m3,E,False
Water use,Pressure on water resources,SDG 6.4.1. Services Water Use Efficiency,Brazil,2015,70.444927182,US$/m3,E,False
Water use,Pressure on water resources,SDG 6.4.1. Services Water Use Efficiency,Brazil,2016,68.819217259,US$/m3,E,False
Water use,Pressure on water resources,SDG 6.4.1. Services Water Use Efficiency,Brazil,2017,69.331707141,US$/m3,E,False
Water use,Pressure on water resources,SDG 6.4.1. Services Water Use Efficiency,Brazil,2018,73.838709455,US$/m3,E,False
Water use,Pressure on water resources,SDG 6.4.1. Services Water Use Efficiency,Brazil,2019,74.758293663,US$/m3,E,False
Water use,Pressure on water resources,SDG 6.4.1. Services Water Use Efficiency,Brazil,2020,70.936847326,US$/m3,E,False
Water use,Pressure on water resources,SDG 6.4.1. Services Water Use Efficiency,Chile,1999,66.504276317,US$/m3,E,False
Water use,Pressure on water resources,SDG 6.4.1. Services Water Use Efficiency,Chile,2000,69.266244842,US$/m3,E,False
Water use,Pressure on water resources,SDG 6.4.1. Services Water Use Efficiency,Chile,2001,69.727804963,US$/m3,E,False
Water use,Pressure on water resources,SDG 6.4.1. Services Water Use Efficiency,Chile,2002,67.71910638,US$/m3,E,False
Water use,Pressure on water resources,SDG 6.4.1. Services Water Use Efficiency,Chile,2003,71.935503841,US$/m3,E,False
Water use,Pressure on water resources,SDG 6.4.1. Services Water Use Efficiency,Chile,2004,71.610102559,US$/m3,E,False
Water use,Pressure on water resources,SDG 6.4.1. Services Water Use Efficiency,Chile,2005,72.589173691,US$/m3,E,False
Water use,Pressure on water resources,SDG 6.4.1. Services Water Use Efficiency,Chile,2006,69.937199463,US$/m3,E,False
Water use,Pressure on water resources,SDG 6.4.1. Services Water Use Efficiency,Chile,2007,74.507642779,US$/m3,E,False
Water use,Pressure on water resources,SDG 6.4.1. Services Water Use Efficiency,Chile,2008,85.735323914,US$/m3,E,False
Water use,Pressure on water resources,SDG 6.4.1. Services Water Use Efficiency,Chile,2009,85.594102693,US$/m3,E,False
Water use,Pressure on water resources,SDG 6.4.1. Services Water Use Efficiency,Chile,2010,88.10843079,US$/m3,E,False
Water use,Pressure on water resources,SDG 6.4.1. Services Water Use Efficiency,Chile,2011,94.411942944,US$/m3,E,False
Water use,Pressure on water resources,SDG 6.4.1. Services Water Use Efficiency,Chile,2012,102.617903182,US$/m3,E,False
Water use,Pressure on water resources,SDG 6.4.1. Services Water Use Efficiency,Chile,2013,108.67470878,US$/m3,E,False
Water use,Pressure on water resources,SDG 6.4.1. Services Water Use Efficiency,Chile,2014,109.749897863,US$/m3,E,False
Water use,Pressure on water resources,SDG 6.4.1. Services Water Use Efficiency,Chile,2015,115.264089597,US$/m3,E,False
Water use,Pressure on water resources,SDG 6.4.1. Services Water Use Efficiency,Chile,2016,118.589011202,US$/m3,E,False
Water use,Pressure on water resources,SDG 6.4.1. Services Water Use Efficiency,Chile,2017,118.470093306,US$/m3,E,False
Water use,Pressure on water resources,SDG 6.4.1. Services Water Use Efficiency,Chile,2018,122.929279047,US$/m3,E,False
Water use,Pressure on water resources,SDG 6.4.1. Services Water Use Efficiency,Chile,2019,126.120857289,US$/m3,E,False
Water use,Pressure on water resources,SDG 6.4.1. Services Water Use Efficiency,Chile,2020,113.606929745,US$/m3,E,False
Water use,Pressure on water resources,SDG 6.4.1. Services Water Use Efficiency,Colombia,2000,37.668559729,US$/m3,E,False
Water use,Pressure on water resources,SDG 6.4.1. Services Water Use Efficiency,Colombia,2001,37.37730069,US$/m3,E,False
Water use,Pressure on water resources,SDG 6.4.1. Services Water Use Efficiency,Colombia,2002,36.687068266,US$/m3,E,False
Water use,Pressure on water resources,SDG 6.4.1. Services Water Use Efficiency,Colombia,2003,36.230622127,US$/m3,E,False
Water use,Pressure on water resources,SDG 6.4.1. Services Water Use Efficiency,Colombia,2004,36.565034518,US$/m3,E,False
Water use,Pressure on water resources,SDG 6.4.1. Services Water Use Efficiency,Colombia,2005,36.938845028,US$/m3,E,False
Water use,Pressure on water resources,SDG 6.4.1. Services Water Use Efficiency,Colombia,2006,37.81380088,US$/m3,E,False
Water use,Pressure on water resources,SDG 6.4.1. Services Water Use Efficiency,Colombia,2007,39.542871107,US$/m3,E,False
Water use,Pressure on water resources,SDG 6.4.1. Services Water Use Efficiency,Colombia,2008,39.013314179,US$/m3,E,False
Water use,Pressure on water resources,SDG 6.4.1. Services Water Use Efficiency,Colombia,2009,38.913536441,US$/m3,E,False
Water use,Pressure on water resources,SDG 6.4.1. Services Water Use Efficiency,Colombia,2010,39.129602305,US$/m3,E,False
Water use,Pressure on water resources,SDG 6.4.1. Services Water Use Efficiency,Colombia,2011,38.867017126,US$/m3,E,False
Water use,Pressure on water resources,SDG 6.4.1. Services Water Use Efficiency,Colombia,2012,39.366398109,US$/m3,E,False
Water use,Pressure on water resources,SDG 6.4.1. Services Water Use Efficiency,Colombia,2013,40.99802499,US$/m3,E,False
Water use,Pressure on water resources,SDG 6.4.1. Services Water Use Efficiency,Colombia,2014,42.388942247,US$/m3,E,False
Water use,Pressure on water resources,SDG 6.4.1. Services Water Use Efficiency,Colombia,2015,43.488487033,US$/m3,E,False
Water use,Pressure on water resources,SDG 6.4.1. Services Water Use Efficiency,Colombia,2016,51.591478274,US$/m3,E,False
Water use,Pressure on water resources,SDG 6.4.1. Services Water Use Efficiency,Colombia,2017,51.905521334,US$/m3,E,False
Water use,Pressure on water resources,SDG 6.4.1. Services Water Use Efficiency,Colombia,2018,52.916348305,US$/m3,E,False
Water use,Pressure on water resources,SDG 6.4.1. Services Water Use Efficiency,Colombia,2019,60.562861673,US$/m3,E,False
Water use,Pressure on water resources,SDG 6.4.1. Services Water Use Efficiency,Colombia,2020,58.732464564,US$/m3,E,False
Water use,Pressure on water resources,SDG 6.4.1. Services Water Use Efficiency,Costa Rica,1999,22.768131126,US$/m3,E,False
Water use,Pressure on water resources,SDG 6.4.1. Services Water Use Efficiency,Costa Rica,2000,24.825391042,US$/m3,E,False
Water use,Pressure on water resources,SDG 6.4.1. Services Water Use Efficiency,Costa Rica,2001,26.583680045,US$/m3,E,False
Water use,Pressure on water resources,SDG 6.4.1. Services Water Use Efficiency,Costa Rica,2002,28.19773041,US$/m3,E,False
Water use,Pressure on water resources,SDG 6.4.1. Services Water Use Efficiency,Costa Rica,2003,30.082597708,US$/m3,E,False
Water use,Pressure on water resources,SDG 6.4.1. Services Water Use Efficiency,Costa Rica,2004,31.808649369,US$/m3,E,False
Water use,Pressure on water resources,SDG 6.4.1. Services Water Use Efficiency,Costa Rica,2005,33.850942278,US$/m3,E,False
Water use,Pressure on water resources,SDG 6.4.1. Services Water Use Efficiency,Costa Rica,2006,36.950239275,US$/m3,E,False
Water use,Pressure on water resources,SDG 6.4.1. Services Water Use Efficiency,Costa Rica,2007,40.308803113,US$/m3,E,False
Water use,Pressure on water resources,SDG 6.4.1. Services Water Use Efficiency,Costa Rica,2008,44.036261096,US$/m3,E,False
Water use,Pressure on water resources,SDG 6.4.1. Services Water Use Efficiency,Costa Rica,2009,46.367504743,US$/m3,E,False
Water use,Pressure on water resources,SDG 6.4.1. Services Water Use Efficiency,Costa Rica,2010,50.274584532,US$/m3,E,False
Water use,Pressure on water resources,SDG 6.4.1. Services Water Use Efficiency,Costa Rica,2011,54.447929151,US$/m3,E,False
Water use,Pressure on water resources,SDG 6.4.1. Services Water Use Efficiency,Costa Rica,2012,59.39434486,US$/m3,E,False
Water use,Pressure on water resources,SDG 6.4.1. Services Water Use Efficiency,Costa Rica,2013,60.619158746,US$/m3,E,False
Water use,Pressure on water resources,SDG 6.4.1. Services Water Use Efficiency,Costa Rica,2014,59.755472305,US$/m3,E,False
Water use,Pressure on water resources,SDG 6.4.1. Services Water Use Efficiency,Costa Rica,2015,60.742369344,US$/m3,E,False
Water use,Pressure on water resources,SDG 6.4.1. Services Water Use Efficiency,Costa Rica,2016,73.790322437,US$/m3,E,False
Water use,Pressure on water resources,SDG 6.4.1. Services Water Use Efficiency,Costa Rica,2017,207.006199724,US$/m3,E,False
Water use,Pressure on water resources,SDG 6.4.1. Services Water Use Efficiency,Costa Rica,2018,61.52067939,US$/m3,E,False
Water use,Pressure on water resources,SDG 6.4.1. Services Water Use Efficiency,Costa Rica,2019,55.259287858,US$/m3,E,False
Water use,Pressure on water resources,SDG 6.4.1. Services Water Use Efficiency,Costa Rica,2020,53.210239604,US$/m3,E,False
Water use,Pressure on water resources,SDG 6.4.1. Services Water Use Efficiency,Cuba,1999,16.970350737,US$/m3,E,False
Water use,Pressure on water resources,SDG 6.4.1. Services Water Use Efficiency,Cuba,2000,17.939946642,US$/m3,E,False
Water use,Pressure on water resources,SDG 6.4.1. Services Water Use Efficiency,Cuba,2001,18.836963649,US$/m3,E,False
Water use,Pressure on water resources,SDG 6.4.1. Services Water Use Efficiency,Cuba,2002,19.62531041,US$/m3,E,False
Water use,Pressure on water resources,SDG 6.4.1. Services Water Use Efficiency,Cuba,2003,20.819923159,US$/m3,E,False
Water use,Pressure on water resources,SDG 6.4.1. Services Water Use Efficiency,Cuba,2004,22.288689429,US$/m3,E,False
Water use,Pressure on water resources,SDG 6.4.1. Services Water Use Efficiency,Cuba,2005,25.319408645,US$/m3,E,False
Water use,Pressure on water resources,SDG 6.4.1. Services Water Use Efficiency,Cuba,2006,28.821837919,US$/m3,E,False
Water use,Pressure on water resources,SDG 6.4.1. Services Water Use Efficiency,Cuba,2007,30.721736138,US$/m3,E,False
Water use,Pressure on water resources,SDG 6.4.1. Services Water Use Efficiency,Cuba,2008,31.830979853,US$/m3,E,False
Water use,Pressure on water resources,SDG 6.4.1. Services Water Use Efficiency,Cuba,2009,32.31392329,US$/m3,E,False
Water use,Pressure on water resources,SDG 6.4.1. Services Water Use Efficiency,Cuba,2010,33.090173691,US$/m3,E,False
Water use,Pressure on water resources,SDG 6.4.1. Services Water Use Efficiency,Cuba,2011,34.237589558,US$/m3,E,False
Water use,Pressure on water resources,SDG 6.4.1. Services Water Use Efficiency,Cuba,2012,34.638731796,US$/m3,E,False
Water use,Pressure on water resources,SDG 6.4.1. Services Water Use Efficiency,Cuba,2013,35.647878497,US$/m3,E,False
Water use,Pressure on water resources,SDG 6.4.1. Services Water Use Efficiency,Cuba,2014,36.563512405,US$/m3,E,False
Water use,Pressure on water resources,SDG 6.4.1. Services Water Use Efficiency,Cuba,2015,38.105283815,US$/m3,E,False
Water use,Pressure on water resources,SDG 6.4.1. Services Water Use Efficiency,Cuba,2016,37.958873244,US$/m3,E,False
Water use,Pressure on water resources,SDG 6.4.1. Services Water Use Efficiency,Cuba,2017,37.978861741,US$/m3,E,False
Water use,Pressure on water resources,SDG 6.4.1. Services Water Use Efficiency,Cuba,2018,38.51072154,US$/m3,E,False
Water use,Pressure on water resources,SDG 6.4.1. Services Water Use Efficiency,Cuba,2019,38.571189034,US$/m3,E,False
Water use,Pressure on water resources,SDG 6.4.1. Services Water Use Efficiency,Cuba,2020,35.702960873,US$/m3,E,False
Water use,Pressure on water resources,SDG 6.4.1. Services Water Use Efficiency,Dominican Republic,2000,31.376205412,US$/m3,E,False
Water use,Pressure on water resources,SDG 6.4.1. Services Water Use Efficiency,Dominican Republic,2001,31.846077621,US$/m3,E,False
Water use,Pressure on water resources,SDG 6.4.1. Services Water Use Efficiency,Dominican Republic,2002,32.233450857,US$/m3,E,False
Water use,Pressure on water resources,SDG 6.4.1. Services Water Use Efficiency,Dominican Republic,2003,31.975372717,US$/m3,E,False
Water use,Pressure on water resources,SDG 6.4.1. Services Water Use Efficiency,Dominican Republic,2004,31.072064379,US$/m3,E,False
Water use,Pressure on water resources,SDG 6.4.1. Services Water Use Efficiency,Dominican Republic,2005,33.017049955,US$/m3,E,False
Water use,Pressure on water resources,SDG 6.4.1. Services Water Use Efficiency,Dominican Republic,2006,35.171816223,US$/m3,E,False
Water use,Pressure on water resources,SDG 6.4.1. Services Water Use Efficiency,Dominican Republic,2007,36.344073213,US$/m3,E,False
Water use,Pressure on water resources,SDG 6.4.1. Services Water Use Efficiency,Dominican Republic,2008,37.716386005,US$/m3,E,False
Water use,Pressure on water resources,SDG 6.4.1. Services Water Use Efficiency,Dominican Republic,2009,38.025987771,US$/m3,E,False
Water use,Pressure on water resources,SDG 6.4.1. Services Water Use Efficiency,Dominican Republic,2010,40.202618598,US$/m3,E,False
Water use,Pressure on water resources,SDG 6.4.1. Services Water Use Efficiency,Dominican Republic,2011,41.780421192,US$/m3,E,False
Water use,Pressure on water resources,SDG 6.4.1. Services Water Use Efficiency,Dominican Republic,2012,43.374624308,US$/m3,E,False
Water use,Pressure on water resources,SDG 6.4.1. Services Water Use Efficiency,Dominican Republic,2013,44.763734845,US$/m3,E,False
Water use,Pressure on water resources,SDG 6.4.1. Services Water Use Efficiency,Dominican Republic,2014,47.66900351,US$/m3,E,False
Water use,Pressure on water resources,SDG 6.4.1. Services Water Use Efficiency,Dominican Republic,2015,50.816413803,US$/m3,E,False
Water use,Pressure on water resources,SDG 6.4.1. Services Water Use Efficiency,Dominican Republic,2016,54.656861373,US$/m3,E,False
Water use,Pressure on water resources,SDG 6.4.1. Services Water Use Efficiency,Dominican Republic,2017,56.730024497,US$/m3,E,False
Water use,Pressure on water resources,SDG 6.4.1. Services Water Use Efficiency,Dominican Republic,2018,59.818221183,US$/m3,E,False
Water use,Pressure on water resources,SDG 6.4.1. Services Water Use Efficiency,Dominican Republic,2019,62.498427365,US$/m3,E,False
Water use,Pressure on water resources,SDG 6.4.1. Services Water Use Efficiency,Dominican Republic,2020,57.27075342,US$/m3,E,False
Water use,Pressure on water resources,SDG 6.4.1. Services Water Use Efficiency,Ecuador,2000,27.227308273,US$/m3,E,False
Water use,Pressure on water resources,SDG 6.4.1. Services Water Use Efficiency,Ecuador,2001,29.332677505,US$/m3,E,False
Water use,Pressure on water resources,SDG 6.4.1. Services Water Use Efficiency,Ecuador,2002,29.47131347,US$/m3,E,False
Water use,Pressure on water resources,SDG 6.4.1. Services Water Use Efficiency,Ecuador,2003,29.276275615,US$/m3,E,False
Water use,Pressure on water resources,SDG 6.4.1. Services Water Use Efficiency,Ecuador,2004,29.382863424,US$/m3,E,False
Water use,Pressure on water resources,SDG 6.4.1. Services Water Use Efficiency,Ecuador,2005,28.608039814,US$/m3,E,False
Water use,Pressure on water resources,SDG 6.4.1. Services Water Use Efficiency,Ecuador,2006,28.885011848,US$/m3,E,False
Water use,Pressure on water resources,SDG 6.4.1. Services Water Use Efficiency,Ecuador,2007,29.269859133,US$/m3,E,False
Water use,Pressure on water resources,SDG 6.4.1. Services Water Use Efficiency,Ecuador,2008,30.013883682,US$/m3,E,False
Water use,Pressure on water resources,SDG 6.4.1. Services Water Use Efficiency,Ecuador,2009,31.597716429,US$/m3,E,False
Water use,Pressure on water resources,SDG 6.4.1. Services Water Use Efficiency,Ecuador,2010,32.283369677,US$/m3,E,False
Water use,Pressure on water resources,SDG 6.4.1. Services Water Use Efficiency,Ecuador,2011,33.652916806,US$/m3,E,False
Water use,Pressure on water resources,SDG 6.4.1. Services Water Use Efficiency,Ecuador,2012,35.331605698,US$/m3,E,False
Water use,Pressure on water resources,SDG 6.4.1. Services Water Use Efficiency,Ecuador,2013,37.233254513,US$/m3,E,False
Water use,Pressure on water resources,SDG 6.4.1. Services Water Use Efficiency,Ecuador,2014,38.799770787,US$/m3,E,False
Water use,Pressure on water resources,SDG 6.4.1. Services Water Use Efficiency,Ecuador,2015,40.616754834,US$/m3,E,False
Water use,Pressure on water resources,SDG 6.4.1. Services Water Use Efficiency,Ecuador,2016,40.38242088,US$/m3,E,False
Water use,Pressure on water resources,SDG 6.4.1. Services Water Use Efficiency,Ecuador,2017,41.138326539,US$/m3,E,False
Water use,Pressure on water resources,SDG 6.4.1. Services Water Use Efficiency,Ecuador,2018,41.70391637,US$/m3,E,False
Water use,Pressure on water resources,SDG 6.4.1. Services Water Use Efficiency,Ecuador,2019,42.067112663,US$/m3,E,False
Water use,Pressure on water resources,SDG 6.4.1. Services Water Use Efficiency,Ecuador,2020,39.947192018,US$/m3,E,False
Water use,Pressure on water resources,SDG 6.4.1. Services Water Use Efficiency,El Salvador,1999,29.14963009,US$/m3,E,False
Water use,Pressure on water resources,SDG 6.4.1. Services Water Use Efficiency,El Salvador,2000,28.383198966,US$/m3,E,False
Water use,Pressure on water resources,SDG 6.4.1. Services Water Use Efficiency,El Salvador,2001,27.216043027,US$/m3,E,False
Water use,Pressure on water resources,SDG 6.4.1. Services Water Use Efficiency,El Salvador,2002,26.825026553,US$/m3,E,False
Water use,Pressure on water resources,SDG 6.4.1. Services Water Use Efficiency,El Salvador,2003,26.330273661,US$/m3,E,False
Water use,Pressure on water resources,SDG 6.4.1. Services Water Use Efficiency,El Salvador,2004,25.895128921,US$/m3,E,False
Water use,Pressure on water resources,SDG 6.4.1. Services Water Use Efficiency,El Salvador,2005,25.42703641,US$/m3,E,False
Water use,Pressure on water resources,SDG 6.4.1. Services Water Use Efficiency,El Salvador,2006,27.181701885,US$/m3,E,False
Water use,Pressure on water resources,SDG 6.4.1. Services Water Use Efficiency,El Salvador,2007,28.066096719,US$/m3,E,False
Water use,Pressure on water resources,SDG 6.4.1. Services Water Use Efficiency,El Salvador,2008,29.172346886,US$/m3,E,False
Water use,Pressure on water resources,SDG 6.4.1. Services Water Use Efficiency,El Salvador,2009,30.559672414,US$/m3,E,False
Water use,Pressure on water resources,SDG 6.4.1. Services Water Use Efficiency,El Salvador,2010,31.454354726,US$/m3,E,False
Water use,Pressure on water resources,SDG 6.4.1. Services Water Use Efficiency,El Salvador,2011,32.879220779,US$/m3,E,False
Water use,Pressure on water resources,SDG 6.4.1. Services Water Use Efficiency,El Salvador,2012,35.317918959,US$/m3,E,False
Water use,Pressure on water resources,SDG 6.4.1. Services Water Use Efficiency,El Salvador,2013,37.713862253,US$/m3,E,False
Water use,Pressure on water resources,SDG 6.4.1. Services Water Use Efficiency,El Salvador,2014,39.401502925,US$/m3,E,False
Water use,Pressure on water resources,SDG 6.4.1. Services Water Use Efficiency,El Salvador,2015,39.474300347,US$/m3,E,False
Water use,Pressure on water resources,SDG 6.4.1. Services Water Use Efficiency,El Salvador,2016,40.617435158,US$/m3,E,False
Water use,Pressure on water resources,SDG 6.4.1. Services Water Use Efficiency,El Salvador,2017,40.274405163,US$/m3,E,False
Water use,Pressure on water resources,SDG 6.4.1. Services Water Use Efficiency,El Salvador,2018,41.580547746,US$/m3,E,False
Water use,Pressure on water resources,SDG 6.4.1. Services Water Use Efficiency,El Salvador,2019,42.078181231,US$/m3,E,False
Water use,Pressure on water resources,SDG 6.4.1. Services Water Use Efficiency,El Salvador,2020,39.056617477,US$/m3,E,False
Water use,Pressure on water resources,SDG 6.4.1. Services Water Use Efficiency,Guatemala,1999,53.921985033,US$/m3,E,False
Water use,Pressure on water resources,SDG 6.4.1. Services Water Use Efficiency,Guatemala,2000,50.959901956,US$/m3,E,False
Water use,Pressure on water resources,SDG 6.4.1. Services Water Use Efficiency,Guatemala,2001,45.577692165,US$/m3,E,False
Water use,Pressure on water resources,SDG 6.4.1. Services Water Use Efficiency,Guatemala,2002,41.36110712,US$/m3,E,False
Water use,Pressure on water resources,SDG 6.4.1. Services Water Use Efficiency,Guatemala,2003,38.236631345,US$/m3,E,False
Water use,Pressure on water resources,SDG 6.4.1. Services Water Use Efficiency,Guatemala,2004,35.794064371,US$/m3,E,False
Water use,Pressure on water resources,SDG 6.4.1. Services Water Use Efficiency,Guatemala,2005,34.199999405,US$/m3,E,False
Water use,Pressure on water resources,SDG 6.4.1. Services Water Use Efficiency,Guatemala,2006,33.287089154,US$/m3,E,False
Water use,Pressure on water resources,SDG 6.4.1. Services Water Use Efficiency,Guatemala,2007,35.366033118,US$/m3,E,False
Water use,Pressure on water resources,SDG 6.4.1. Services Water Use Efficiency,Guatemala,2008,36.898605845,US$/m3,E,False
Water use,Pressure on water resources,SDG 6.4.1. Services Water Use Efficiency,Guatemala,2009,37.675858021,US$/m3,E,False
Water use,Pressure on water resources,SDG 6.4.1. Services Water Use Efficiency,Guatemala,2010,39.128521334,US$/m3,E,False
Water use,Pressure on water resources,SDG 6.4.1. Services Water Use Efficiency,Guatemala,2011,40.007783395,US$/m3,E,False
Water use,Pressure on water resources,SDG 6.4.1. Services Water Use Efficiency,Guatemala,2012,41.650661581,US$/m3,E,False
Water use,Pressure on water resources,SDG 6.4.1. Services Water Use Efficiency,Guatemala,2013,43.631173139,US$/m3,E,False
Water use,Pressure on water resources,SDG 6.4.1. Services Water Use Efficiency,Guatemala,2014,45.576718723,US$/m3,E,False
Water use,Pressure on water resources,SDG 6.4.1. Services Water Use Efficiency,Guatemala,2015,47.528797119,US$/m3,E,False
Water use,Pressure on water resources,SDG 6.4.1. Services Water Use Efficiency,Guatemala,2016,49.138781763,US$/m3,E,False
Water use,Pressure on water resources,SDG 6.4.1. Services Water Use Efficiency,Guatemala,2017,51.044135604,US$/m3,E,False
Water use,Pressure on water resources,SDG 6.4.1. Services Water Use Efficiency,Guatemala,2018,53.188666787,US$/m3,E,False
Water use,Pressure on water resources,SDG 6.4.1. Services Water Use Efficiency,Guatemala,2019,55.029015489,US$/m3,E,False
Water use,Pressure on water resources,SDG 6.4.1. Services Water Use Efficiency,Guatemala,2020,53.827308872,US$/m3,E,False
Water use,Pressure on water resources,SDG 6.4.1. Services Water Use Efficiency,Honduras,1999,26.063578186,US$/m3,E,False
Water use,Pressure on water resources,SDG 6.4.1. Services Water Use Efficiency,Honduras,2000,25.518345592,US$/m3,E,False
Water use,Pressure on water resources,SDG 6.4.1. Services Water Use Efficiency,Honduras,2001,24.764078918,US$/m3,E,False
Water use,Pressure on water resources,SDG 6.4.1. Services Water Use Efficiency,Honduras,2002,24.357300229,US$/m3,E,False
Water use,Pressure on water resources,SDG 6.4.1. Services Water Use Efficiency,Honduras,2003,23.788265177,US$/m3,E,False
Water use,Pressure on water resources,SDG 6.4.1. Services Water Use Efficiency,Honduras,2004,25.382053223,US$/m3,E,False
Water use,Pressure on water resources,SDG 6.4.1. Services Water Use Efficiency,Honduras,2005,27.107764615,US$/m3,E,False
Water use,Pressure on water resources,SDG 6.4.1. Services Water Use Efficiency,Honduras,2006,29.035594759,US$/m3,E,False
Water use,Pressure on water resources,SDG 6.4.1. Services Water Use Efficiency,Honduras,2007,31.530732986,US$/m3,E,False
Water use,Pressure on water resources,SDG 6.4.1. Services Water Use Efficiency,Honduras,2008,33.61036544,US$/m3,E,False
Water use,Pressure on water resources,SDG 6.4.1. Services Water Use Efficiency,Honduras,2009,34.216828447,US$/m3,E,False
Water use,Pressure on water resources,SDG 6.4.1. Services Water Use Efficiency,Honduras,2010,35.12257356,US$/m3,E,False
Water use,Pressure on water resources,SDG 6.4.1. Services Water Use Efficiency,Honduras,2011,34.719638546,US$/m3,E,False
Water use,Pressure on water resources,SDG 6.4.1. Services Water Use Efficiency,Honduras,2012,36.370304329,US$/m3,E,False
Water use,Pressure on water resources,SDG 6.4.1. Services Water Use Efficiency,Honduras,2013,38.601916239,US$/m3,E,False
Water use,Pressure on water resources,SDG 6.4.1. Services Water Use Efficiency,Honduras,2014,39.37316841,US$/m3,E,False
Water use,Pressure on water resources,SDG 6.4.1. Services Water Use Efficiency,Honduras,2015,40.813368222,US$/m3,E,False
Water use,Pressure on water resources,SDG 6.4.1. Services Water Use Efficiency,Honduras,2016,42.238185715,US$/m3,E,False
Water use,Pressure on water resources,SDG 6.4.1. Services Water Use Efficiency,Honduras,2017,43.344576137,US$/m3,E,False
Water use,Pressure on water resources,SDG 6.4.1. Services Water Use Efficiency,Honduras,2018,45.459444727,US$/m3,E,False
Water use,Pressure on water resources,SDG 6.4.1. Services Water Use Efficiency,Honduras,2019,47.704778972,US$/m3,E,False
Water use,Pressure on water resources,SDG 6.4.1. Services Water Use Efficiency,Honduras,2020,43.780665322,US$/m3,E,False
Water use,Pressure on water resources,SDG 6.4.1. Services Water Use Efficiency,Mexico,2001,54.527348327,US$/m3,E,False
Water use,Pressure on water resources,SDG 6.4.1. Services Water Use Efficiency,Mexico,2002,55.067537263,US$/m3,E,False
Water use,Pressure on water resources,SDG 6.4.1. Services Water Use Efficiency,Mexico,2003,52.557994783,US$/m3,E,False
Water use,Pressure on water resources,SDG 6.4.1. Services Water Use Efficiency,Mexico,2004,52.680075642,US$/m3,E,False
Water use,Pressure on water resources,SDG 6.4.1. Services Water Use Efficiency,Mexico,2005,54.423016553,US$/m3,E,False
Water use,Pressure on water resources,SDG 6.4.1. Services Water Use Efficiency,Mexico,2006,55.87031049,US$/m3,E,False
Water use,Pressure on water resources,SDG 6.4.1. Services Water Use Efficiency,Mexico,2007,55.004661158,US$/m3,E,False
Water use,Pressure on water resources,SDG 6.4.1. Services Water Use Efficiency,Mexico,2008,55.816736033,US$/m3,E,False
Water use,Pressure on water resources,SDG 6.4.1. Services Water Use Efficiency,Mexico,2009,53.0896503,US$/m3,E,False
Water use,Pressure on water resources,SDG 6.4.1. Services Water Use Efficiency,Mexico,2010,55.174618698,US$/m3,E,False
Water use,Pressure on water resources,SDG 6.4.1. Services Water Use Efficiency,Mexico,2011,56.491404284,US$/m3,E,False
Water use,Pressure on water resources,SDG 6.4.1. Services Water Use Efficiency,Mexico,2012,55.829914082,US$/m3,E,False
Water use,Pressure on water resources,SDG 6.4.1. Services Water Use Efficiency,Mexico,2013,57.796213057,US$/m3,E,False
Water use,Pressure on water resources,SDG 6.4.1. Services Water Use Efficiency,Mexico,2014,58.313558507,US$/m3,E,False
Water use,Pressure on water resources,SDG 6.4.1. Services Water Use Efficiency,Mexico,2015,58.819540849,US$/m3,E,False
Water use,Pressure on water resources,SDG 6.4.1. Services Water Use Efficiency,Mexico,2016,59.562728474,US$/m3,E,False
Water use,Pressure on water resources,SDG 6.4.1. Services Water Use Efficiency,Mexico,2017,53.617326269,US$/m3,E,False
Water use,Pressure on water resources,SDG 6.4.1. Services Water Use Efficiency,Mexico,2018,59.342472272,US$/m3,E,False
Water use,Pressure on water resources,SDG 6.4.1. Services Water Use Efficiency,Mexico,2019,59.19496609,US$/m3,E,False
Water use,Pressure on water resources,SDG 6.4.1. Services Water Use Efficiency,Mexico,2020,54.441552176,US$/m3,E,False
Water use,Pressure on water resources,SDG 6.4.1. Services Water Use Efficiency,Nicaragua,1999,20.003144143,US$/m3,E,False
Water use,Pressure on water resources,SDG 6.4.1. Services Water Use Efficiency,Nicaragua,2000,19.714859222,US$/m3,E,False
Water use,Pressure on water resources,SDG 6.4.1. Services Water Use Efficiency,Nicaragua,2001,19.343495705,US$/m3,E,False
Water use,Pressure on water resources,SDG 6.4.1. Services Water Use Efficiency,Nicaragua,2002,18.77391239,US$/m3,E,False
Water use,Pressure on water resources,SDG 6.4.1. Services Water Use Efficiency,Nicaragua,2003,18.979638487,US$/m3,E,False
Water use,Pressure on water resources,SDG 6.4.1. Services Water Use Efficiency,Nicaragua,2004,18.900772062,US$/m3,E,False
Water use,Pressure on water resources,SDG 6.4.1. Services Water Use Efficiency,Nicaragua,2005,18.666200126,US$/m3,E,False
Water use,Pressure on water resources,SDG 6.4.1. Services Water Use Efficiency,Nicaragua,2006,18.578522632,US$/m3,E,False
Water use,Pressure on water resources,SDG 6.4.1. Services Water Use Efficiency,Nicaragua,2007,18.55557956,US$/m3,E,False
Water use,Pressure on water resources,SDG 6.4.1. Services Water Use Efficiency,Nicaragua,2008,18.401231834,US$/m3,E,False
Water use,Pressure on water resources,SDG 6.4.1. Services Water Use Efficiency,Nicaragua,2009,19.05275209,US$/m3,E,False
Water use,Pressure on water resources,SDG 6.4.1. Services Water Use Efficiency,Nicaragua,2010,19.622702756,US$/m3,E,False
Water use,Pressure on water resources,SDG 6.4.1. Services Water Use Efficiency,Nicaragua,2011,20.269964877,US$/m3,E,False
Water use,Pressure on water resources,SDG 6.4.1. Services Water Use Efficiency,Nicaragua,2012,22.217581894,US$/m3,E,False
Water use,Pressure on water resources,SDG 6.4.1. Services Water Use Efficiency,Nicaragua,2013,24.50697186,US$/m3,E,False
Water use,Pressure on water resources,SDG 6.4.1. Services Water Use Efficiency,Nicaragua,2014,26.908213545,US$/m3,E,False
Water use,Pressure on water resources,SDG 6.4.1. Services Water Use Efficiency,Nicaragua,2015,29.408572545,US$/m3,E,False
Water use,Pressure on water resources,SDG 6.4.1. Services Water Use Efficiency,Nicaragua,2016,32.586224847,US$/m3,E,False
Water use,Pressure on water resources,SDG 6.4.1. Services Water Use Efficiency,Nicaragua,2017,35.96565996,US$/m3,E,False
Water use,Pressure on water resources,SDG 6.4.1. Services Water Use Efficiency,Nicaragua,2018,36.891687526,US$/m3,E,False
Water use,Pressure on water resources,SDG 6.4.1. Services Water Use Efficiency,Nicaragua,2019,36.753380583,US$/m3,E,False
Water use,Pressure on water resources,SDG 6.4.1. Services Water Use Efficiency,Nicaragua,2020,34.937240918,US$/m3,E,False
Water use,Pressure on water resources,SDG 6.4.1. Services Water Use Efficiency,Panama,2000,75.864471022,US$/m3,E,False
Water use,Pressure on water resources,SDG 6.4.1. Services Water Use Efficiency,Panama,2001,73.755523851,US$/m3,E,False
Water use,Pressure on water resources,SDG 6.4.1. Services Water Use Efficiency,Panama,2002,71.970987995,US$/m3,E,False
Water use,Pressure on water resources,SDG 6.4.1. Services Water Use Efficiency,Panama,2003,70.32574774,US$/m3,E,False
Water use,Pressure on water resources,SDG 6.4.1. Services Water Use Efficiency,Panama,2004,72.61304501,US$/m3,E,False
Water use,Pressure on water resources,SDG 6.4.1. Services Water Use Efficiency,Panama,2005,75.065321494,US$/m3,E,False
Water use,Pressure on water resources,SDG 6.4.1. Services Water Use Efficiency,Panama,2006,66.167256723,US$/m3,E,False
Water use,Pressure on water resources,SDG 6.4.1. Services Water Use Efficiency,Panama,2007,61.934391389,US$/m3,E,False
Water use,Pressure on water resources,SDG 6.4.1. Services Water Use Efficiency,Panama,2008,57.440404162,US$/m3,E,False
Water use,Pressure on water resources,SDG 6.4.1. Services Water Use Efficiency,Panama,2009,51.305809695,US$/m3,E,False
Water use,Pressure on water resources,SDG 6.4.1. Services Water Use Efficiency,Panama,2010,48.239891388,US$/m3,E,False
Water use,Pressure on water resources,SDG 6.4.1. Services Water Use Efficiency,Panama,2011,49.466240139,US$/m3,E,False
Water use,Pressure on water resources,SDG 6.4.1. Services Water Use Efficiency,Panama,2012,49.221726999,US$/m3,E,False
Water use,Pressure on water resources,SDG 6.4.1. Services Water Use Efficiency,Panama,2013,46.657912456,US$/m3,E,False
Water use,Pressure on water resources,SDG 6.4.1. Services Water Use Efficiency,Panama,2014,47.928248489,US$/m3,E,False
Water use,Pressure on water resources,SDG 6.4.1. Services Water Use Efficiency,Panama,2015,45.702904647,US$/m3,E,False
Water use,Pressure on water resources,SDG 6.4.1. Services Water Use Efficiency,Panama,2016,49.865710213,US$/m3,E,False
Water use,Pressure on water resources,SDG 6.4.1. Services Water Use Efficiency,Panama,2017,52.375902084,US$/m3,E,False
Water use,Pressure on water resources,SDG 6.4.1. Services Water Use Efficiency,Panama,2018,54.538355538,US$/m3,E,False
Water use,Pressure on water resources,SDG 6.4.1. Services Water Use Efficiency,Panama,2019,55.94755864,US$/m3,E,False
Water use,Pressure on water resources,SDG 6.4.1. Services Water Use Efficiency,Panama,2020,49.97631994,US$/m3,E,False
Water use,Pressure on water resources,SDG 6.4.1. Services Water Use Efficiency,Paraguay,1999,108.737664684,US$/m3,E,False
Water use,Pressure on water resources,SDG 6.4.1. Services Water Use Efficiency,Paraguay,2000,102.851666403,US$/m3,E,False
Water use,Pressure on water resources,SDG 6.4.1. Services Water Use Efficiency,Paraguay,2001,85.457545996,US$/m3,E,False
Water use,Pressure on water resources,SDG 6.4.1. Services Water Use Efficiency,Paraguay,2002,96.575747916,US$/m3,E,False
Water use,Pressure on water resources,SDG 6.4.1. Services Water Use Efficiency,Paraguay,2003,79.268687321,US$/m3,E,False
Water use,Pressure on water resources,SDG 6.4.1. Services Water Use Efficiency,Paraguay,2004,68.571640398,US$/m3,E,False
Water use,Pressure on water resources,SDG 6.4.1. Services Water Use Efficiency,Paraguay,2005,64.269696963,US$/m3,E,False
Water use,Pressure on water resources,SDG 6.4.1. Services Water Use Efficiency,Paraguay,2006,60.568600838,US$/m3,E,False
Water use,Pressure on water resources,SDG 6.4.1. Services Water Use Efficiency,Paraguay,2007,55.812083406,US$/m3,E,False
Water use,Pressure on water resources,SDG 6.4.1. Services Water Use Efficiency,Paraguay,2008,50.310981259,US$/m3,E,False
Water use,Pressure on water resources,SDG 6.4.1. Services Water Use Efficiency,Paraguay,2009,49.641842695,US$/m3,E,False
Water use,Pressure on water resources,SDG 6.4.1. Services Water Use Efficiency,Paraguay,2010,48.893596029,US$/m3,E,False
Water use,Pressure on water resources,SDG 6.4.1. Services Water Use Efficiency,Paraguay,2011,46.875099016,US$/m3,E,False
Water use,Pressure on water resources,SDG 6.4.1. Services Water Use Efficiency,Paraguay,2012,49.511422337,US$/m3,E,False
Water use,Pressure on water resources,SDG 6.4.1. Services Water Use Efficiency,Paraguay,2013,51.604522734,US$/m3,E,False
Water use,Pressure on water resources,SDG 6.4.1. Services Water Use Efficiency,Paraguay,2014,53.966958925,US$/m3,E,False
Water use,Pressure on water resources,SDG 6.4.1. Services Water Use Efficiency,Paraguay,2015,57.437128638,US$/m3,E,False
Water use,Pressure on water resources,SDG 6.4.1. Services Water Use Efficiency,Paraguay,2016,58.803687353,US$/m3,E,False
Water use,Pressure on water resources,SDG 6.4.1. Services Water Use Efficiency,Paraguay,2017,61.537124469,US$/m3,E,False
Water use,Pressure on water resources,SDG 6.4.1. Services Water Use Efficiency,Paraguay,2018,64.481915459,US$/m3,E,False
Water use,Pressure on water resources,SDG 6.4.1. Services Water Use Efficiency,Paraguay,2019,64.834497541,US$/m3,E,False
Water use,Pressure on water resources,SDG 6.4.1. Services Water Use Efficiency,Paraguay,2020,62.698031656,US$/m3,E,False
Water use,Pressure on water resources,SDG 6.4.1. Services Water Use Efficiency,Peru,1999,38.068116097,US$/m3,E,False
Water use,Pressure on water resources,SDG 6.4.1. Services Water Use Efficiency,Peru,2000,39.194690363,US$/m3,E,False
Water use,Pressure on water resources,SDG 6.4.1. Services Water Use Efficiency,Peru,2001,39.784858132,US$/m3,E,False
Water use,Pressure on water resources,SDG 6.4.1. Services Water Use Efficiency,Peru,2002,41.884034522,US$/m3,E,False
Water use,Pressure on water resources,SDG 6.4.1. Services Water Use Efficiency,Peru,2003,43.192405067,US$/m3,E,False
Water use,Pressure on water resources,SDG 6.4.1. Services Water Use Efficiency,Peru,2004,43.155322263,US$/m3,E,False
Water use,Pressure on water resources,SDG 6.4.1. Services Water Use Efficiency,Peru,2005,44.536807514,US$/m3,E,False
Water use,Pressure on water resources,SDG 6.4.1. Services Water Use Efficiency,Peru,2006,45.466583274,US$/m3,E,False
Water use,Pressure on water resources,SDG 6.4.1. Services Water Use Efficiency,Peru,2007,49.152050073,US$/m3,E,False
Water use,Pressure on water resources,SDG 6.4.1. Services Water Use Efficiency,Peru,2008,54.932083754,US$/m3,E,False
Water use,Pressure on water resources,SDG 6.4.1. Services Water Use Efficiency,Peru,2009,55.445684513,US$/m3,E,False
Water use,Pressure on water resources,SDG 6.4.1. Services Water Use Efficiency,Peru,2010,55.147355596,US$/m3,E,False
Water use,Pressure on water resources,SDG 6.4.1. Services Water Use Efficiency,Peru,2011,54.685852315,US$/m3,E,False
Water use,Pressure on water resources,SDG 6.4.1. Services Water Use Efficiency,Peru,2012,57.19503263,US$/m3,E,False
Water use,Pressure on water resources,SDG 6.4.1. Services Water Use Efficiency,Peru,2013,59.719884762,US$/m3,E,False
Water use,Pressure on water resources,SDG 6.4.1. Services Water Use Efficiency,Peru,2014,61.064771078,US$/m3,E,False
Water use,Pressure on water resources,SDG 6.4.1. Services Water Use Efficiency,Peru,2015,62.776725373,US$/m3,E,False
Water use,Pressure on water resources,SDG 6.4.1. Services Water Use Efficiency,Peru,2016,63.593803034,US$/m3,E,False
Water use,Pressure on water resources,SDG 6.4.1. Services Water Use Efficiency,Peru,2017,62.4329532,US$/m3,E,False
Water use,Pressure on water resources,SDG 6.4.1. Services Water Use Efficiency,Peru,2018,62.358708988,US$/m3,E,False
Water use,Pressure on water resources,SDG 6.4.1. Services Water Use Efficiency,Peru,2019,54.720343868,US$/m3,E,False
Water use,Pressure on water resources,SDG 6.4.1. Services Water Use Efficiency,Peru,2020,48.877859591,US$/m3,E,False
Water use,Pressure on water resources,SDG 6.4.1. Services Water Use Efficiency,Puerto Rico,1999,77.366353495,US$/m3,E,False
Water use,Pressure on water resources,SDG 6.4.1. Services Water Use Efficiency,Puerto Rico,2000,80.33010982,US$/m3,E,False
Water use,Pressure on water resources,SDG 6.4.1. Services Water Use Efficiency,Puerto Rico,2001,78.149796814,US$/m3,E,False
Water use,Pressure on water resources,SDG 6.4.1. Services Water Use Efficiency,Puerto Rico,2002,73.941569305,US$/m3,E,False
Water use,Pressure on water resources,SDG 6.4.1. Services Water Use Efficiency,Puerto Rico,2003,72.902289581,US$/m3,E,False
Water use,Pressure on water resources,SDG 6.4.1. Services Water Use Efficiency,Puerto Rico,2004,71.689221977,US$/m3,E,False
Water use,Pressure on water resources,SDG 6.4.1. Services Water Use Efficiency,Puerto Rico,2005,68.418893575,US$/m3,E,False
Water use,Pressure on water resources,SDG 6.4.1. Services Water Use Efficiency,Puerto Rico,2006,67.440995696,US$/m3,E,False
Water use,Pressure on water resources,SDG 6.4.1. Services Water Use Efficiency,Puerto Rico,2007,67.429011518,US$/m3,E,False
Water use,Pressure on water resources,SDG 6.4.1. Services Water Use Efficiency,Puerto Rico,2008,64.401204659,US$/m3,E,False
Water use,Pressure on water resources,SDG 6.4.1. Services Water Use Efficiency,Puerto Rico,2009,59.126249167,US$/m3,E,False
Water use,Pressure on water resources,SDG 6.4.1. Services Water Use Efficiency,Puerto Rico,2010,57.337401934,US$/m3,E,False
Water use,Pressure on water resources,SDG 6.4.1. Services Water Use Efficiency,Puerto Rico,2011,59.097457269,US$/m3,E,False
Water use,Pressure on water resources,SDG 6.4.1. Services Water Use Efficiency,Puerto Rico,2012,61.393863633,US$/m3,E,False
Water use,Pressure on water resources,SDG 6.4.1. Services Water Use Efficiency,Puerto Rico,2013,63.352652941,US$/m3,E,False
Water use,Pressure on water resources,SDG 6.4.1. Services Water Use Efficiency,Puerto Rico,2014,64.706591376,US$/m3,E,False
Water use,Pressure on water resources,SDG 6.4.1. Services Water Use Efficiency,Puerto Rico,2015,64.819849246,US$/m3,E,False
Water use,Pressure on water resources,SDG 6.4.1. Services Water Use Efficiency,Puerto Rico,2016,64.374720259,US$/m3,E,False
Water use,Pressure on water resources,SDG 6.4.1. Services Water Use Efficiency,Puerto Rico,2017,62.933542094,US$/m3,E,False
Water use,Pressure on water resources,SDG 6.4.1. Services Water Use Efficiency,Puerto Rico,2018,60.791453975,US$/m3,E,False
Water use,Pressure on water resources,SDG 6.4.1. Services Water Use Efficiency,Puerto Rico,2019,60.461431332,US$/m3,E,False
Water use,Pressure on water resources,SDG 6.4.1. Services Water Use Efficiency,Puerto Rico,2020,58.170243879,US$/m3,E,False
Water use,Pressure on water resources,SDG 6.4.1. Services Water Use Efficiency,Uruguay,1999,57.229953697,US$/m3,E,False
Water use,Pressure on water resources,SDG 6.4.1. Services Water Use Efficiency,Uruguay,2000,55.760959668,US$/m3,E,False
Water use,Pressure on water resources,SDG 6.4.1. Services Water Use Efficiency,Uruguay,2001,54.2616094,US$/m3,E,False
Water use,Pressure on water resources,SDG 6.4.1. Services Water Use Efficiency,Uruguay,2002,48.796988906,US$/m3,E,False
Water use,Pressure on water resources,SDG 6.4.1. Services Water Use Efficiency,Uruguay,2003,45.80452925,US$/m3,E,False
Water use,Pressure on water resources,SDG 6.4.1. Services Water Use Efficiency,Uruguay,2004,45.35200438,US$/m3,E,False
Water use,Pressure on water resources,SDG 6.4.1. Services Water Use Efficiency,Uruguay,2005,49.310470211,US$/m3,E,False
Water use,Pressure on water resources,SDG 6.4.1. Services Water Use Efficiency,Uruguay,2006,50.484809507,US$/m3,E,False
Water use,Pressure on water resources,SDG 6.4.1. Services Water Use Efficiency,Uruguay,2007,54.918608004,US$/m3,E,False
Water use,Pressure on water resources,SDG 6.4.1. Services Water Use Efficiency,Uruguay,2008,57.187815181,US$/m3,E,False
Water use,Pressure on water resources,SDG 6.4.1. Services Water Use Efficiency,Uruguay,2009,61.008971164,US$/m3,E,False
Water use,Pressure on water resources,SDG 6.4.1. Services Water Use Efficiency,Uruguay,2010,67.561319705,US$/m3,E,False
Water use,Pressure on water resources,SDG 6.4.1. Services Water Use Efficiency,Uruguay,2011,71.38467078,US$/m3,E,False
Water use,Pressure on water resources,SDG 6.4.1. Services Water Use Efficiency,Uruguay,2012,75.975001877,US$/m3,E,False
Water use,Pressure on water resources,SDG 6.4.1. Services Water Use Efficiency,Uruguay,2013,82.609704212,US$/m3,E,False
Water use,Pressure on water resources,SDG 6.4.1. Services Water Use Efficiency,Uruguay,2014,87.458432589,US$/m3,E,False
Water use,Pressure on water resources,SDG 6.4.1. Services Water Use Efficiency,Uruguay,2015,90.1381918,US$/m3,E,False
Water use,Pressure on water resources,SDG 6.4.1. Services Water Use Efficiency,Uruguay,2016,95.008837371,US$/m3,E,False
Water use,Pressure on water resources,SDG 6.4.1. Services Water Use Efficiency,Uruguay,2017,99.810959786,US$/m3,E,False
Water use,Pressure on water resources,SDG 6.4.1. Services Water Use Efficiency,Uruguay,2018,98.491313746,US$/m3,E,False
Water use,Pressure on water resources,SDG 6.4.1. Services Water Use Efficiency,Uruguay,2019,98.307909005,US$/m3,E,False
Water use,Pressure on water resources,SDG 6.4.1. Services Water Use Efficiency,Uruguay,2020,90.60743794,US$/m3,E,False
Water use,Pressure on water resources,SDG 6.4.1. Services Water Use Efficiency,Venezuela (Bolivarian Republic of),1999,28.792040504,US$/m3,E,False
Water use,Pressure on water resources,SDG 6.4.1. Services Water Use Efficiency,Venezuela (Bolivarian Republic of),2000,27.171367102,US$/m3,E,False
Water use,Pressure on water resources,SDG 6.4.1. Services Water Use Efficiency,Venezuela (Bolivarian Republic of),2001,29.0166435,US$/m3,E,False
Water use,Pressure on water resources,SDG 6.4.1. Services Water Use Efficiency,Venezuela (Bolivarian Republic of),2002,24.381407639,US$/m3,E,False
Water use,Pressure on water resources,SDG 6.4.1. Services Water Use Efficiency,Venezuela (Bolivarian Republic of),2003,20.883298514,US$/m3,E,False
Water use,Pressure on water resources,SDG 6.4.1. Services Water Use Efficiency,Venezuela (Bolivarian Republic of),2004,21.195837267,US$/m3,E,False
Water use,Pressure on water resources,SDG 6.4.1. Services Water Use Efficiency,Venezuela (Bolivarian Republic of),2005,21.10122829,US$/m3,E,False
Water use,Pressure on water resources,SDG 6.4.1. Services Water Use Efficiency,Venezuela (Bolivarian Republic of),2006,24.041337043,US$/m3,E,False
Water use,Pressure on water resources,SDG 6.4.1. Services Water Use Efficiency,Venezuela (Bolivarian Republic of),2007,28.745746366,US$/m3,E,False
Water use,Pressure on water resources,SDG 6.4.1. Services Water Use Efficiency,Venezuela (Bolivarian Republic of),2008,29.255534692,US$/m3,E,False
Water use,Pressure on water resources,SDG 6.4.1. Services Water Use Efficiency,Venezuela (Bolivarian Republic of),2009,33.204314234,US$/m3,E,False
Water use,Pressure on water resources,SDG 6.4.1. Services Water Use Efficiency,Venezuela (Bolivarian Republic of),2010,27.809808565,US$/m3,E,False
Water use,Pressure on water resources,SDG 6.4.1. Services Water Use Efficiency,Venezuela (Bolivarian Republic of),2011,28.901530047,US$/m3,E,False
Water use,Pressure on water resources,SDG 6.4.1. Services Water Use Efficiency,Venezuela (Bolivarian Republic of),2012,33.207346678,US$/m3,E,False
Water use,Pressure on water resources,SDG 6.4.1. Services Water Use Efficiency,Venezuela (Bolivarian Republic of),2013,34.079023075,US$/m3,E,False
Water use,Pressure on water resources,SDG 6.4.1. Services Water Use Efficiency,Venezuela (Bolivarian Republic of),2014,37.099190434,US$/m3,E,False
Water use,Pressure on water resources,SDG 6.4.1. Services Water Use Efficiency,Venezuela (Bolivarian Republic of),2015,29.160335621,US$/m3,E,False
Water use,Pressure on water resources,SDG 6.4.1. Services Water Use Efficiency,Venezuela (Bolivarian Republic of),2016,28.058473681,US$/m3,E,False
Water use,Pressure on water resources,SDG 6.4.1. Services Water Use Efficiency,Venezuela (Bolivarian Republic of),2017,22.735462734,US$/m3,E,False
Water use,Pressure on water resources,SDG 6.4.1. Services Water Use Efficiency,Venezuela (Bolivarian Republic of),2018,16.353026723,US$/m3,E,False
Water use,Pressure on water resources,SDG 6.4.1. Services Water Use Efficiency,Venezuela (Bolivarian Republic of),2019,9.199277603,US$/m3,E,False
Water use,Pressure on water resources,SDG 6.4.1. Services Water Use Efficiency,Venezuela (Bolivarian Republic of),2020,8.478815295,US$/m3,E,False
